<?xml version="1.0" encoding="UTF-8"?>
<encyclopedie xmlns:xsi="http://www.w3.org/2001/XMLSchema-instance"
 xsi:noNamespaceSchemaLocation="encyclopedie2.xsd">
    <personne datenaissance="1942-01-08" datedeces="2018-03-14" sexe="H">
        <nom>HR</nom>
        <prenom>William</prenom> 
        <prenom>Stephen</prenom>
        <publication>Une brève histoire du temps</publication>
    </personne>
    <personne datenaissance="1879-03-14" datedeces="1955-04-14" sexe="H">
        <nom>EINSTEN</nom>
        <prenom>Albert</prenom>
        <publication>Des ondes gravitationnelles </publication>
        <publication>Sur la théorie quantique du rayonnement </publication>
    </personne>
    <personne datenaissance="1867-11-07" datedeces="1934-07-04" sexe="F">
        <nom>CURIE</nom>
        <prenom>Marie</prenom>
        <publication>traité de radioactivité </publication>
    </personne>
    <personne datenaissance="1955-06-08" sexe="H">
        <nom>BERNERSLEE</nom>
        <prenom>Tim</prenom>
        <publication>Weaving the Web</publication>
    </personne>
</encyclopedie>

