<?xml version="1.0" encoding="UTF-8"?>
<!DOCTYPE entreprise  SYSTEM "plan.dtd">
<entreprise>
 <projet id_projet="p1">
  <nom>Traduction</nom>
  <infos>description du projet Traduction</infos>
  <membre pers="pers_01"/>
  <membre pers="pers_02"/>
 </projet>
 <projet id_projet="p2">
  <nom>Corpus</nom>
  <infos>description du projet Corpus</infos>
  <membre pers="pers_03"/>
  <membre pers="pers_04"/>
 </projet>


 <personne id_pers="pers_01">
  <nom>Omar</nom>
  <infos>informations sur Omar</infos>
  <participe proj="p1"/>
 </personne>

 <personne id_pers="pers_02">
  <nom>Salima</nom>
  <infos>informations sur Salima</infos>
  <participe proj="p2"/>
 </personne>

 <personne id_pers="pers_03">
  <nom> Mohamed </nom>
  <infos>informations sur Mohamed</infos>
  <participe proj="p1"/>
  <participe proj="p2"/>
 </personne>

 <personne id_pers="pers_04">
  <nom>Zohra </nom>
  <infos>informations sur Zohra </infos>
  <participe proj="p1"/>
  <participe proj="p2"/>
 </personne>


</entreprise>
