<?xml version="1.0" encoding="UTF-8"?>
<!DOCTYPE entreprise SYSTEM "plan2.dtd">
<entreprise>
    <projet id_projet="p1" membre="pers_01 pers_02">
        <nom>Traduction</nom>
        <infos>description du projet Traduction</infos>

    </projet>
    <projet id_projet="p2" membre="pers_02 pers_04">
        <nom>Corpus</nom>
        <infos>description du projet Corpus</infos>

    </projet>

    <personne id_pers="pers_01" participe="p1">
        <nom>Omar</nom>
        <infos>informations sur Omar</infos>
    </personne>

    <personne id_pers="pers_02" participe="p1">
        <nom>Salima</nom>
        <infos>informations sur Salima</infos>

    </personne>

    <personne id_pers="pers_03" participe="p2">
        <nom> Mohamed </nom>
        <infos>informations sur Mohamed</infos>

    </personne>

    <personne id_pers="pers_04" participe="p2">
        <nom>Zohra </nom>
        <infos>informations sur Zohra </infos>

    </personne>

</entreprise>
