<?xml version="1.0" encoding="UTF-8"?>

<livres xmlns:xsi="http://www.w3.org/2001/XMLSchema-instance" xsi:noNamespaceSchemaLocation="livres-v2.xsd">
    <livre edition="livre de poche">
        <titre>XML Weekend Crash Course (with CD-ROM)</titre>
        <auteur>
            <prenom>KAY</prenom>
            <nom>ETHIER</nom>
            <pays>USA</pays>
        </auteur>
        <auteur>
            <prenom>ALAN</prenom>
            <nom>HOUSER</nom>
            <pays>USA</pays>
        </auteur>
        <annee>2004</annee>
        <prix monnaie="USD" valeur="107.42"/>
    </livre>
    <livre edition="relie">
        <titre>Data on the Web: From Relations to Semistructured Data and XML</titre>
        <auteur>
            <prenom>SERGE</prenom>
            <nom>ABITEBOUL</nom>
            <laboratoire>INRIA</laboratoire>
            <pays>F</pays>
        </auteur>
        <auteur>
            <prenom>PETER</prenom>
            <nom>BUNEMAN</nom>
            <laboratoire>Upenn</laboratoire>
            <pays>USA</pays>
        </auteur>
        <annee>1999</annee>
        <prix monnaie="EUR" valeur="38.43"/>
    </livre>
</livres>
